{
  "Name": "tuning",
  "Mode": "Synchronous",
  "Params": {
    "YX_RATIO": 2.0,
    "INPUT_DPI": 1600.0,
    "OUTPUT_CAP": 0.0,
    "SYNC_SPEED": 16.0,
    "ACCEL": 5.0,
    "ANGLE_ROTATION": -4.0,
    "OFFSET": 0.0,
    "DECAY_RATE": 0.10000000009313226,
    "SENS_MULT": 0.10000000009313226,
    "GAMMA": 1.0,
    "SMOOTH": 0.5,
    "LIMIT": 1.5,
    "MOTIVITY": 2.0
  },
  "CreatedAt": "2026-02-20T21:11:37.880222393Z"
}